Key,Availability
100,High
101,High
102,High
103,High
104,High
105,Medium
106,Medium
107,Medium
108,High
109,Medium
110,Medium
111,High
112,Medium
113,Medium
114,Medium
115,High
116,Medium
117,High
118,High
119,High
120,High
121,Medium
122,High
123,High
124,High
125,High
126,Medium
127,Medium
128,High
129,Medium
130,High
131,High
132,Medium
133,Medium
134,High
135,High
136,Medium
137,High
138,High
139,High
140,High
141,Medium
142,High
143,High
144,Medium
145,High
146,Medium
147,High
148,Medium
149,High
150,Medium
151,Medium
152,Medium
153,Medium
154,Medium
155,Medium
156,High
157,Medium
158,Medium
159,High
160,Medium
161,Medium
162,High
163,High
164,Medium
165,High
166,Medium
167,Medium
168,High
169,High
170,High
171,High
172,High
173,High
175,Medium
176,High
177,High
178,High
179,High
180,Medium
181,High
182,High
183,Medium
184,High
185,High
186,Medium
187,High
188,High
189,Medium
190,Medium
191,High
192,High
193,High
194,High
195,High
196,Medium
197,High
198,High
199,Medium
200,High
201,Medium
202,Medium
203,High
204,Medium
205,High
206,High
207,High
208,Medium
209,High
210,High
211,Medium
212,Medium
213,Medium
214,Medium
215,Medium
216,High
217,High
218,High
219,High
220,Low
221,High
222,High
223,Medium
224,High
225,High
226,Medium
227,High
228,High
229,High
230,High
231,Medium
232,High
233,High
234,Medium
235,High
236,Medium
237,Medium
238,Medium
239,High
240,Medium
241,Medium
242,Medium
243,Medium
244,Medium
245,Medium
246,Medium
247,High
248,Medium
249,Medium
250,Medium
251,High
252,Medium
253,Medium
254,Medium
255,High
256,Medium
257,Medium
258,Medium
259,Medium
260,High
261,Medium
262,High
263,Medium
264,Medium
265,Medium
266,Medium
267,Medium
268,Medium
269,Medium
270,Medium
271,High
272,Medium
273,Medium
274,Medium
275,Medium
276,Medium
277,Medium
278,Medium
279,Medium
280,Medium
281,Medium
282,High
283,Medium
284,Medium
285,Medium
286,Medium
287,High
288,High
290,Medium
291,Medium
292,Medium
293,Medium
294,Medium
295,High
296,High
297,High
298,High
299,Medium
300,Medium
301,Medium
302,Medium
303,Medium
304,Medium
305,High
306,High
308,Medium
309,Medium
310,Medium
311,Medium
312,Medium
313,Medium
314,Medium
316,Medium
317,Medium
318,Medium
319,Medium
320,Medium
321,Medium
322,Medium
324,Medium
325,Medium
326,Medium
327,Medium
328,Medium
329,Medium
330,High
331,Medium
332,Medium
333,Medium
334,Medium
335,Medium
336,Medium
337,High
338,High
339,Medium
340,Medium
341,Medium
342,Medium
343,Medium
344,Medium
345,Medium
346,Medium
347,Medium
348,Medium
349,Medium
350,Medium
351,Medium
352,High
353,Medium
355,Medium
356,High
357,Medium
358,High
359,Low
360,High
361,High
362,High
363,High
364,Medium
365,High
366,High
367,Low
368,High
369,Low
370,Medium
371,Medium
372,High
373,High
374,Low
375,High
376,High
377,High
378,High
379,High
380,High
381,High
382,High
383,High
384,High
385,High
386,High
387,High
388,High
389,Medium
390,High
391,High
392,High
393,High
394,Low
395,High
396,High
397,High
398,High
399,High
400,High
401,High
402,High
403,High
404,High
405,High
406,High
407,High
408,High
409,High
410,High
411,Medium
412,Medium
413,High
414,Low
415,High
416,High
417,High
418,High
419,High
420,Low
421,High
422,High
423,Low
424,High
425,High
426,High
427,High
428,Medium
429,High
430,High
431,High
432,High
433,High
434,High
435,High
436,Medium
437,High
438,High
439,High
440,High
441,Low
442,High
443,High
444,High
445,Low
446,High
447,Low
448,High
449,High
450,High
451,High
452,High
453,High
454,High
455,High
456,High
457,High
458,High
459,Medium
460,High
461,High
462,High
463,High
464,Low
465,High
466,High
467,Low
468,High
469,Low
470,High
471,High
472,High
473,High
474,High
475,High
476,High
477,High
478,High
479,High
480,High
481,High
482,High
483,Medium
484,High
485,High
486,Medium
487,High
488,High
489,High
490,High
491,High
492,High
493,High
494,High
495,High
496,High
497,High
498,High
499,High
500,High
501,High
502,Medium
503,High
504,High
505,High
506,High
507,High
508,High
509,High
510,High
511,High
512,High
513,High
514,High
515,High
516,High
517,Low
518,Medium
519,High
520,High
521,High
522,Low
523,Low
524,High
525,Low
526,High
527,High
528,Low
529,Medium
530,High
531,High
532,High
533,High
534,High
535,Low
536,Medium
537,High
538,High
539,High
540,High
541,High
542,High
543,High
544,High
545,Low
546,High
547,High
548,Low
549,High
550,High
551,Low
552,High
553,High
554,High
555,High
556,High
557,High
558,High
559,High
560,High
561,High
562,High
563,High
564,Low
565,High
566,High
567,Medium
568,Medium
569,High
570,High
571,Medium
572,High
573,Medium
574,High
575,High
576,High
577,Medium
578,Medium
579,Low
580,Low
581,High
582,High
583,High
584,High
585,High
586,High
587,High
588,High
589,High
590,High
591,Medium
592,High
593,High
594,High
595,High
596,High
597,Low
598,Medium
599,High
600,High
601,High
602,High
603,High
604,High
605,Low
606,Medium
607,High
608,High
609,Low
610,High
611,Low
612,Medium
613,High
614,Medium
615,High
616,High
617,High
618,High
619,Medium
620,High
621,High
622,Low
623,High
624,High
625,High
626,High
627,Low
628,High
629,High
630,High
631,High
632,High
633,Low
634,High
635,Medium
636,High
637,High
638,High
639,Low
640,High
641,High
642,Medium
643,High
644,Low
645,Low
646,High
647,High
648,High
649,Low
650,High
651,High
652,Low
653,High
654,High
655,High
656,Low
657,High
658,High
659,High
660,High
661,Low
662,High
663,High
664,High
665,Medium
666,High
667,Low
668,High
669,High
670,High
671,High
672,High
673,High
674,High
675,High
676,Low
677,Low
678,High
679,Medium
680,High
681,High
682,High
683,High
684,Low
685,High
686,Low
687,High
688,High
689,Low
690,High
691,Low
692,High
693,High
694,High
695,High
696,High
697,High
698,High
699,High
700,Medium
701,High
702,High
703,Medium
704,High
705,High
710,Medium
711,Medium
713,Medium
714,Medium
715,Medium
721,Medium
722,High
725,Medium
726,Medium
728,High
729,Medium
731,Medium
732,Medium
733,Medium
734,Medium
735,Medium
736,Medium
737,Medium
738,Medium
739,Medium
740,Medium
741,High
744,Low
745,Medium
746,Medium
747,High
748,High
800,Medium
801,High
802,Medium
803,Medium
805,High
