Master Site Name,Master Address,ECM Key,Portal ID
ABC Preschool,3800 N Austin Ave,100,198
Ada S. McKinley Community Services - Ersula Howard,7222 S Exchange Ave,101,205
Ada S. McKinley Community Services - Maggie Drummond,4301 S Wabash Ave,102,346
Ada S. McKinley Community Services - Roseland,11400 S Edbrooke Ave,103,204
Ada S. McKinley Community Services - Trumbull Park,10534 S Oglesby Ave,104,203
Albany Park Community Center - Ainslie,3401 W Ainslie Ave,105,211
Albany Park Community Center - Uptown,1020 W Bryn Mawr Ave,106,212
All About Kids Learning Academy,514 E 75th St,107,213
Allison's Infant and Toddler Center - Englewood,5522 S Racine Ave,108,215
Allison's Infant and Toddler Center - Park Manor/Greater Grand Crossing,440-442 E 71st St,109,217
Allison's Infant and Toddler Center - Roseland,234 E 115th St,110,218
Archdiocese of Chicago - Augustus Tolton,7120 S Calumet Ave,111,401
Archdiocese of Chicago - Epiphany,4223 W 25th St,112,283
Archdiocese of Chicago - Maternity BVM,1537 N Lawndale Ave,113,355
Archdiocese of Chicago - Our Lady of Grace,2446 N Ridgeway Ave,114,374
Archdiocese of Chicago - Our Lady of Tepeyac,2235 S Albany Ave,115,377
Archdiocese of Chicago - Our Lady of the Snow,4810 S Leamington Ave,116,380
Archdiocese of Chicago - Pope John Paul II,4325 S Richmond Ave,117,385
Archdiocese of Chicago - Queen of the Universe,7130 S Hamlin Ave,118,386
Archdiocese of Chicago - St. Agnes of Bohemia,2643 S Central Park Ave,119,398
Archdiocese of Chicago - St. Angela,1332 N Massasoit Ave,120,399
Archdiocese of Chicago - St. Ann,2211 W 18th Pl,121,392
Archdiocese of Chicago - St. Benedict the African,6020 S Laflin St,122,201
Archdiocese of Chicago - St. Bruno,4839 S Harding Ave,123,400
Archdiocese of Chicago - St. Ethelreda,8734 S Paulina St,124,405
Archdiocese of Chicago - St. Gall,5515 S Sawyer Ave,125,406
Archdiocese of Chicago - St. John de la Salle,10212 S Vernon Ave,126,407
Archdiocese of Chicago - St. Margaret of Scotland,9833 Throop Street,127,397
Archdiocese of Chicago - St. Mary of the Lake,1026 W Buena Ave,128,410
Archdiocese of Chicago - St. Mary Star of the Sea,6424 S Kenneth Ave,129,412
Archdiocese of Chicago - St. Nicholas of Tolentine,3741 W 62nd St,130,413
Archdiocese of Chicago - St. Richard,5025 S Kenneth Ave,131,415
Archdiocese of Chicago - St. Sabina,7801 S Throop Ave,132,417
Archdiocese of Chicago - St. Sylvester,3027 W Palmer Sq,133,418
Asian Human Services - LEAF program,2838 W Peterson Ave,134,222
Building Blocks Learning Academy,1120 W 69th St,135,230
Carole Robertson Center for Learning - Ogden,3701 W Ogden Ave,136,233
Carole Robertson Center for Learning - 19th Street,2929 W 19th St,137,481
Casa Central - Early Learning Academy,1343 N California Ave,138,234
Catholic Charities - Chicago Lawn Child Development Center,3001 W 59th St,139,246
Catholic Charities - Cordi Marian Child Development Center,1100 S May St,140,264
Catholic Charities - Our Lady of Lourdes Child Development Center,1449 S Keeler Ave,141,375
Catholic Charities - Our Lady of Tepeyac Child Development Center,2414 S Albany Ave,142,378
Catholic Charities - St. Joseph Child Development Center,4800 S Paulina Ave,143,408
Centers for New Horizons - Altgeld Gardens Early Learning Center,941 E 132nd St,144,236
Centers for New Horizons - Effie O. Ellis Early Learning Center,4301 S Cottage Grove Ave,145,237
Chance after Chance,305-309 N Cicero Ave,146,241
Chicago Child Care Society - Hyde Park,5467 S University Ave,147,934
Chicago Commons Association - Guadalupano Family Center,1814 S Paulina St,148,242
Chicago Commons Association - NIA Family Center,744 N Monticello Ave,149,243
Chicago Commons Association - Paulo Freire Family Center,1653 W 43rd St,150,244
Chicago Commons Association - Taylor Center for New Experiences,1633 N Hamlin Ave,151,245
Chicago Youth Centers - ABC Polk Brothers Early Childhood Program,3415 W 13th Pl,152,197
Chicago Youth Centers - Centro Nuestro,3222 W Division St,153,235
Chicago Youth Centers - Dorothy Gautreaux,975 E 132nd St,154,266
Chicago Youth Centers - Fellowship House,844 W 32nd St,155,267
Chicago Youth Centers - Rebecca K. Crown,7601 S Phillips Ave,156,269
Children's Center,12803 S Halsted Ave,157,923
Children's Center for Creative Learning - Western,7954-58 S Western Ave,158,427
Children's Home & Aid Freidheim Child and Family Center,1701 W 63rd St,159,282
The Children's Place Early Learning Center,1800 N. Humboldt Blvd.,160,429
Chinese American Service League,2141 S Tan Ct,161,491
Christopher House - Belmont Cragin,5235 W Belden Ave,162,255
Christopher House - Logan Square,3255 W Altgeld St,163,257
Christopher House - Uptown,4701 N Winthrop Ave,164,259
City Colleges of Chicago - Kennedy King,710 W 65th St,165,917
City Colleges of Chicago - Malcom X,1900 W Van Buren St,166,920
City Colleges of Chicago - Olive Harvey,"10001 S Woodlawn Ave, #1105",167,919
City Colleges of Chicago - Richard J. Daley,"7500 S Pulaski Rd, #1120",168,918
City Colleges of Chicago - Truman,1145 W Wilson Ave,169,915
Concordia Place - Seeley,3855 N Seeley St,170,263
Concordia Place - Whipple,3300 N Whipple St,171,262
Dorsey Developmental Institute,2050 E 93rd St,172,274
State of Illinois Child Development Center,"160 N LaSalle St, #201",173,421
El Hogar Del Ni√±o,1710 S Loomis Ave,175,280
Erie Neighborhood House,1701 W Superior St,176,507
Eyes on the Future,6969 N Ravenswood Ave,177,284
Fairyland Nursery School,4350 N Milwaukee Ave,178,286
Gads Hill Center - Kove Learning Academy,3137 W 71st St,179,299
Gads Hill Center - Ogden,2653 W Ogden Ave,180,248
Happy Holiday Nursery & Kindergarten,401 E 111th St,181,303
Henry Booth House - Hegewisch,2725 E 130th St,182,958
Henry Booth House - Hope for Youth,5900 W Iowa St,183,966
Henry Booth House - Near South,2929 S Wabash Ave,184,979
Higher Learning Daycare & Education Center,2526 E 73rd St,185,307
Holy Family Ministries - Little Learners Academy,3415 W Arthington Ave,186,309
Home of Life Community Development Corporation,4650 W Madison St,187,311
Howard Area Community Center,7510 N Ashland Ave,188,313
Imani Children's Academy,11443 S Halsted St,189,315
Improved Child Care - Albany Child Care,5954 S Albany Ave,190,210
It Takes a Village Child Care Services,4000 W Division St,191,317
Kiddy Kare Learning Centers - Kiddy Kare,4401 S Kedzie Ave,192,322
Kiddy Kare Learning Centers - Kidz Colony,6287 S Archer Ave,193,320
Kiddy Kare Learning Centers - Little Learners,6255 S Mayfield Ave,194,339
Kiddy Kare Learning Centers - Little Tykes I,1711 W 35th St,195,342
Korean American Community Services,4300 N California Ave,196,324
Lake Shore Schools - Greenview,6769 N Greenview Ave,197,326
LEARN Charter,3415 W Arthington St,198,329
Lee's Cuddles N Care,6100 W North Ave,199,331
Little Achievers Learning Center,3801 W Diversey Ave,200,332
Little Angels Family Daycare,6701 S Emerald Ave,201,333
Little Folks Daycare,2527 E 73rd St,202,973
Little Hands Child Creative Center,7146 S Ashland Ave,203,337
Little Kids Village Learning,2656 W 71st St,204,338
Loop Learning Center,2001 S Michigan Ave #450,205,344
Lutheran Social Services - Rogers Park,1754 W Devon Ave,206,391
Lutheran Social Services - Winthrop,4848 N Winthrop Ave,207,455
Mae's Early Child Development & Therapeutic Daycare,1431 W 111th St,208,978
Marillac St. Vincent Family Services - Marillac Social Center,212 S Francisco Ave,209,350
Marillac St. Vincent Family Services - St. Vincent DePaul Center,2145 North Halsted Street,210,420
Mary Crane Center - Lake and Pulaski,316 N Pulaski Rd,211,351
Mary Crane Center - North,2905 N Leavitt Ave,212,354
Mary Crane Center - Molade Center,1120 N Lamon Ave,213,352
Mary Crane Center - Morse,1545 W Morse Ave,214,984
McCann's DayCare Center,8612 S Stony Island Ave,215,356
Metropolitan Family Services - Learning and Wellness Center,5338 S Loomis Blvd,216,985
Metropolitan Family Services - Midway Children's Center,3215 W 63rd St,217,357
Metropolitan Family Services - Midway Headstart Center,6422 S Kedzie Ave,218,358
Metropolitan Family Services - North Children's Center,3255 N Central Ave,219,359
Montessori Foundations of Chicago,3575 S Archer Ave,220,221
Montessori School of Englewood,6550 S Seeley Ave,221,947
Mosaic Early Childhood Academy,5332 W Addison St,222,360
Mother's Touch Day Care,2501 W 71st St,223,361
New Pisgah Day Care,8130 S Racine Ave,224,364
The Learning Tree Preschool - GIA,8233 S Pulaski Rd,225,431
The Learning Tree Preschool - NIA,8128 S Kedzie Ave,226,430
North Avenue Day Nursery,2001 W Pierce Ave,227,366
University of Chicago - North Kenwood Oakland,1119 E 46th st.,228,445
Northwestern University Settlement House,1400 W Augusta Blvd,229,367
One Hope United - Bridgeport Child Development Center,3053 S Normal Ave,230,228
One Hope United - Bridgeport Child Development Center II,514 W 31st St,231,229
One Hope United - Edgewater Early Learning Center,5244 N Lakewood Ave,232,279
Onward Neighborhood House - Belmont Cragin,5423 W Diversey St,233,370
Ounce of Prevention - Educare,5044 S Wabash Ave,234,906
Asian Human Services - Passages Charter School,1643 W Bryn Mawr Ave,235,383
Pathways To Learning Child Care Centers - Ashburn,3450 W 79th St,236,384
Pathways To Learning Child Care Centers - Kedzie,6535 S Kedzie Ave,237,941
Rachel's Learning Center - Austin,5242 W North Ave,238,487
Rachel's Learning Center - North Lawndale,3430 W Roosevelt Rd,239,489
Salvation Army - Red Shield,945 W 69th St,240,974
South East Asia - International Bridge School,1124 W Ainslie Street,241,988
Stepping Stones Early Childhood Center,1300 E 75th St,242,422
Teddy Bear I,2649 W 51st St,243,501
Teddy Bear II,3473 W Columbus Ave,244,424
Teddy Bear III,6401 S Pulaski Rd,245,423
Teddy Bear V,5160 S Pulaski Rd,246,425
Trinity United Church of Christ - Dr Jeremiah A Wright Jr Early Care & Learning Center,532 W 95th St,247,975
Trinity United Church of Christ - Deton Brooks,6921 S Stony Island Ave,248,438
V & J Day Care Center,1 E 113th St,249,486
Wee Care Nursery School & Kindergarten,1845 E 79th St,250,447
West Austin Development Center,4920 W Madison St,251,450
Whiz Kids Nursery Center,518 W 103 St,252,451
Effie O Ellis YMCA,10 S Kedzie Ave,253,466
Garfield YMCA,7 N Homan Ave,254,457
High Ridge YMCA,2424 W Touhy Ave,255,458
Jeanne Kenney YMCA,7600 S Parnell Ave,256,459
McCormick Tribune YMCA,1834 N Lawndale Ave,257,471
North Lawndale YMCA,3449 W Arthington St,258,461
Rauner YMCA,2700 S Western Ave,259,473
South Chicago YMCA,3039 E 91st St,260,464
South Side YMCA,6330 S Stony Island Ave,261,465
Young Achievers Academy,520 E 79th St,262,475
Young Scholars Developmental Institute,3038 W 59th St,263,476
Beginners Depot,2141 S 79th St,264,951
Ada S. McKinley - J & L Family Learning Day Care,11640 S Wentworth Ave,265,924
Ada S. McKinley - Little Genius,11439 S Michigan Ave,266,202
Henry Booth House - Love N Learn Academy,723 E 75th St,267,520
Ada S. McKinley - Precious Little Ones (51 St),221 E 51st St,268,928
Ada S. McKinley - Precious Little Ones (63rd St),22 E 63rd St,269,931
Henry Booth House - Project Orr Design Studio,1401 S 79th St,270,524
Kimball Head Start,5101 N Kimball Ave,271,323
Henry Booth House - Brite New Minds,112 E 51st St,272,512
Betty's Daycare,5725 W Chicago Ave,273,227
Diversey Daycare,3155 W Diversey,274,483
Chicago Commons - JPE Daycare Center,8625 S Cottage Grove Ave,275,929
Kiddie Garden Little Angels,4235 S Kedzie Ave,276,321
Kimball Daycare,1636 N Kimball,277,484
Little People Daycare,7428 N Rogers Ave,278,340
Los Pequenos Angelitos,3711 W 55th St,279,345
North Star Child Development,4341 W North Ave,280,485
Rainbow Daycare,3250 W Irving Park Rd,281,387
Chicago Commons - Smart From The Start,4135 W Armitage Ave,282,933
Cuddle Care Academy,4800 S Lake Park,283,488
Chicago Youth Centers - George E. Taylor,3232 W Division St,284,268
Kids R Us,7453 S Vincennes Ave,285,490
Chicago Youth Centers - Little Kiddies,1501 W Devon Ave,286,938
Ada S. McKinley - Montessori Academy,11025 S Halsted St,287,926
Chicago Youth Centers - Tiny Scholars Academy,1167 E 63rd St,288,945
Easter Seals - A-Karrasel,3420 W Fullerton Ave,290,937
Easter Seals - A-Karrasel Galewood,5504 W Fullerton Ave,291,939
Busy Bees Child Development Center,3155 S Shields Ave,292,231
Easter Seals - Busy Bees II,2351 S Wentworth Ave,293,943
Channing's Child Care,5701 W Division St,294,240
Children's International Academy,5858 W Roosevelt Rd,295,250
Chipper Preschool and Kindergarten,8225 S Kedzie Ave,296,253
Fifth City,3411 W 5th Ave,297,292
First Start Children's Academy,4753 W Washington Blvd,298,293
First Start Children's Academy South,5700 S Ashland Ave,299,294
Fresh Start Academy,6924 W North Ave,300,295
Easter Seals - Living Witness,4159 N Laramie Ave,301,944
Easter Seals - Wise Owl,2734 W North Ave,302,946
El Valor - Carlos H Cantu Cihldren & Family Center,2434 S Kildare Ave,303,478
El Valor - Centro Infantil Puerto Rican Community Center,2739 W Division St,304,497
El Valor - Children's World,3356 S Ashland Ave,305,952
El Valor - Guadalupe A Reyes Children & Family Center,1951 W 19th Street,306,477
El Valor - Kidz Creative Concepts,719 E 63rd St,308,955
El Valor - Lots of Love NFP,1015 W 79th St,309,957
El Valor - Lots of Love Preschool,1139 W 79th St,310,959
El Valor - Mari's Bumble Bee Academy,9725 S Commerical Ave,311,499
El Valor - Power Daycare,725 W 123rd St,312,960
El Valor - Rey B Gonzalez Children & Family Center,3050 E 92nd St,313,479
El Valor - Small World Daycare Center,834 W 31st St,314,961
Family Focus - Nuestra Familia,4145 W Armitage Ave,316,290
Gad's Hill Center - Diana's Playpen of Little Geniuses,6236 S Western Ave,317,963
Gad's Hill Center - Hunt's Early Childhood Academy,2701 W 79th St,318,508
Gad's Hill Center - Literacy Zone,5831 S Western Ave,319,965
Gad's Hill Center - M & E Daycare,3728 W 79TH ST,320,509
Gad's Hill Center - Peachtree Educational Daycare Inc,2845 W 71st St,321,967
Gad's Hill Center -Smart from the Start,1939 W 79th St,322,969
Wholly Innocence Daycare Center,34 N Sangamon St,324,453
Henry Booth House - 4 Ever Young,441 E 79th St,325,948
Henry Booth House - Crystal Palace,1459 W 47th St,326,956
Eastside Child Development Center,13338 S Brandon St,327,278
Henry Booth House - Gina's Unbelievable,7239 S Dobson Ave,328,521
Henry Booth House - High Mountain,919 N Lavergne Ave,329,964
Henry Booth House - Jelly Bean Learning Center,448 E 61st St,330,968
Henry Booth House - Jelly Bean Learning Center,1455 W 63rd St,331,515
Henry Booth House - Jelly Bean Learning Center,358 E 71st St,332,516
Henry Booth House - Jelly Bean Learning Center,8501 S Ashland Ave,333,514
Henry Booth House - Jones Academy,4344 S Wentworth Ave,334,970
Henry Booth House - Lakeview Development Center,1531 W Lawrence Ave,335,519
Henry Booth House - Laugh & Giggles,106 W 119th St,336,971
Henry Booth House - Little Leaders of Tomorrow,301 N Mayfield Ave,337,976
Henry Booth House - North Kenwood Day Care Center,"516 E 43rd St, #518",338,980
Henry Booth House - Prodigy Child Learning Center,1921 E 79th St,339,523
South Shore United Methodist Child Care Center,7350 S Jeffrey Blvd,340,542
Henry Booth House - Star Kids Math & Science,11053 S Vincennes Ave,341,981
Judah International Outreach - Judah Foundational Community School,856 N Pulaski,342,526
Onward Neighborhood House - New Beginnings,5445 W North Ave,343,531
Salvation Army - All Things are Possible,4014 W Chicago Ave,344,534
Salvation Army - Creative Little Ones,2809 W 59th St,345,535
Henry Booth House - Creative Little Ones,9528 S Halsted Ave,346,954
Salvation Army - Incarnation Head Start,1345 N Karlov Ave,347,316
Salvation Army - New Hope Head Start,4255 W Division St,348,363
Salvation Army - New Moms,5317 W Chicago Ave,349,533
Temple Head Start,1 N Ogden Ave,350,426
Shining Star,854 E 79th St,351,538
Shining Star,338 E 103rd St,352,540
Shining Star,10540 S Ewing,353,541
First Lutheran YMCA,3500 W Fullerton Ave,355,456
A N Pritzker School,2009 W Schiller St,356,822
Adlai E Stevenson Elementary School,8010 S Kostner Ave,357,861
Agustin Lara Elementary Academy,4619 S Wolcott Ave,358,738
Alessandro Volta Elementary School,4950 N Avers Ave,359,881
Alex Haley Elementary Academy,11411 S Eggleston Ave,360,692
Alexander Graham Elementary School,745 W 45th St,361,680
Alfred Nobel Elementary School,4127 W Hirsch St,362,791
Alice L Barnard Computer Math & Science Center Elementary School,10354 S Charles St,363,554
Amos Alonzo Stagg Elementary School,7424 S Morgan St,364,860
Andrew Carnegie Elementary School,1414 E 61st Pl,365,596
Anna R Langford Community Academy,6010 S Throop St,366,737
Ariel Elementary Community Academy,1119 E 46th St,367,547
Arnold Mireles Elementary Academy,9000 S Exchange Ave,368,772
Arthur Dixon Elementary School,8306 S Saint Lawrence Ave,369,639
Arthur E Canty Elementary School,3740 N Panama Ave,370,594
Asa Philip Randolph Elementary School,7316 S Hoyne Ave,371,826
Ashburn Community Elementary School,8300 S Saint Louis Ave,372,550
Avalon Park Elementary School,8045 S Kenwood Ave,373,552
Barbara Vick Early Childhood & Family Center,2554 W 113th St,374,879
Barbara Vick Village,6601 S Kedzie Ave,375,880
Belmont-Cragin Elementary School,6041 W Diversey Ave,376,565
Benjamin E Mays Elementary Academy,6656 S Normal Blvd,377,761
Bernhard Moos Elementary School,1711 N California Ave,378,776
Blair Early Childhood Center,6751 W 63rd Pl,379,568
Bret Harte Elementary School,1556 E 56th St,380,697
Brian Piccolo Elementary Specialty School,1040 N Keeler Ave,381,814
Brighton Park Elementary School,3825 S Washtenaw Ave,382,577
Burnham Elementary Inclusive Academy,9928 S Crandon Ave,383,586
Burnside Elementary Scholastic Academy,650 E 91st Pl,384,587
Calmeca Academy of Fine Arts and Dual Language,3456 W 38th St,385,591
Carl von Linne Elementary School,3221 N Sacramento Ave,386,746
Carrie Jacobs Bond Elementary School,7050 S May St,387,569
Carroll-Rosenwald Specialty Elementary School,2601 W 80th Street,388,597
Carter G Woodson South Elementary School,4511 S Evans Ave,389,902
Casimir Pulaski Elementary Fine Arts Academy,2230 W McLean Ave,390,824
Cesar E Chavez Multicultural Academic Center ES,4749 S Damen Ave,391,606
Charles Evans Hughes Elementary School,4247 W 15th St,392,718
Charles G Hammond Elementary School,2819 W 21st Pl,393,695
Charles Gates Dawes Elementary School,3810 W 81st Pl,394,628
Charles H Wacker Elementary School,9746 S Morgan St,395,882
Charles Kozminski Elementary Community Academy,936 E 54th St,396,736
Charles N Holden Elementary School,1104 W 31st St,397,715
Charles P Caldwell Academy of Math & Science ES,8546 S Cregier Ave,398,590
Charles R Darwin Elementary School,3116 W Belden Ave,399,626
Charles R Henderson Elementary School,5650 S Wolcott Ave,400,706
Charles S Brownell Elementary School,6741 S Michigan Ave,401,580
Charles S Deneen Elementary School,7240 S Wabash Ave,402,632
Charles Sumner Math & Science Community Academy ES,4320 W 5th Ave,403,865
Charles W Earle Elementary School,2040 W 62nd St,404,649
Chicago Academy Elementary School,3400 N Austin Ave,405,607
Christopher Columbus Elementary School,1003 N Leavitt St,406,616
Clara Barton Elementary School,7650 S Wolcott Ave,407,556
Claremont Academy Elementary School,2300 W 64th St,408,609
Columbia Explorers Elementary Academy,4520 S Kedzie Ave,409,921
Crown Community Academy of Fine Arts Center ES,2128 S Saint Louis Ave,410,621
Cyrus H McCormick Elementary School,2712 S Sawyer Ave,411,764
Daniel Boone Elementary School,6710 N Washtenaw Ave,412,570
Daniel C Beard Elementary School,6445 W Strong St,413,559
Daniel J Corkery Elementary School,2510 S Kildare Ave,414,619
Daniel R Cameron Elementary School,1234 N Monticello Ave,415,592
Daniel S Wentworth Elementary School,7007 S Loomis,416,893
Daniel Webster Elementary School,4055 W Arthington St,417,891
David G Farragut Career Academy High School,2345 S Christiana Ave,418,663
Dewey Elementary Academy of Fine Arts,638 W 54th Pl,419,635
DeWitt Clinton Elementary School,6110 N Fairfield Ave,420,613
Donald Morrill Math & Science Elementary School,6011 S Rockwell St,421,777
Douglas Taylor Elementary School,9912 S Avenue H,422,871
Dr Jorge Prieto Math and Science Academy Elementary School,2231 N Central Ave,423,821
Dr Martin L King Jr Academy of Social Justice,644 W 71st St,424,713
Dunne Technology Academy,10845 S Union Ave,425,646
Durkin Park Elementary School,8445 S Kolin Ave,426,647
Dvorak Technology Academy,3615 W 16th St,427,648
Edison Park Elementary School,6220 N Olcott Ave,428,652
Edmond Burke Elementary School,5356 S King Dr,429,584
Edward A Bouchet Math & Science Academy ES,7355 S Jeffery Blvd,430,571
Edward Beasley Elementary Magnet Academic Center,5165 S State St,431,560
Edward Coles Elementary Language Academy,8441 S Yates Blvd,432,615
Edward Everett Elementary School,3419 S Bell Ave,433,657
Edward Jenner Elementary Academy of the Arts,1119 N Cleveland Ave,434,725
Edward K Ellington Elementary School,243 N Parkside Ave,435,654
Edward N Hurley Elementary School,3849 W 69th Pl,436,720
Edward White Elementary Career Academy,1136 W 122nd St,437,898
Eli Whitney Elementary School,2815 S Komensky Ave,438,899
Eliza Chappell Elementary School,2135 W Foster Ave,439,604
Ella Flagg Young Elementary School,1434 N Parkside Ave,440,904
Ellen Mitchell Elementary School,2233 W Ohio St,441,773
Emiliano Zapata Elementary Academy,2728 S Kostner Ave,442,905
Emmett Louis Till Math and Science Academy,6543 S Champlain Ave,443,875
Enrico Tonti Elementary School,5815 S Homan Ave,444,877
Ernst Prussing Elementary School,4650 N Menard Ave,445,823
Esmond Elementary School,1865 W Montvale Ave,446,656
Everett McKinley Dirksen Elementary School,8601 W Foster Ave,447,636
Fairfield Elementary Academy,6201 S Fairfield Ave,448,659
Federico Garcia Lorca Elementary School,3231 N Springfield Ave,449,751
Ferdinand Peck Elementary School,4026 W 59th St,450,808
Fernwood Elementary School,10041 S Union Ave,451,664
Florence Nightingale Elementary School,5250 S Rockwell St,452,789
Fort Dearborn Elementary School,9025 S Throop St,453,667
Foster Park Elementary School,8530 S Wood St,454,668
Francis M McKay Elementary School,6938 S Washtenaw,455,767
Francis W Parker Elementary Community Academy,328 W 69th St,456,805
Frank I Bennett Elementary School,10115 S Prairie Ave,457,566
Frank L Gillespie Elementary School,9301 S State St,458,676
Frank W Gunsaulus Elementary Scholastic Academy,4420 S Sacramento Ave,459,689
Frank W Reilly Elementary School,3650 W School St,460,830
Franz Peter Schubert Elementary School,2727 N Long Ave,461,845
Frederic Chopin Elementary School,2450 W Rice St,462,608
Frederick Funston Elementary School,2010 N Central Park,463,671
Frederick Stock Elementary School,7507 W Birchwood Ave,464,862
Friedrich Ludwig Jahn Elementary School,3149 N Wolcott Ave,465,723
Genevieve Melody Elementary School,3937 W Wilcox St,466,770
George Armstrong International Studies ES,2110 W Greenleaf Ave,467,549
George B McClellan Elementary School,3527 S Wallace St,468,763
George B Swift Elementary Specialty School,5900 N Winthrop Ave,469,866
George Leland Elementary School,512 S Lavergne Ave,470,743
George M Pullman Elementary School,11311 S Forrestville Ave,471,825
George Manierre Elementary School,1420 N Hudson Ave,472,756
George Rogers Clark Elementary School,1045 S Monitor Ave,473,610
George W Curtis Elementary School,32 E 115th St,474,624
George W Tilton Elementary School,223 N Keeler Ave,475,876
George Washington Carver Primary School,902 E 133rd Pl,476,600
George Washington Elementary School,3611 E 114th St,477,888
Gerald Delgado Kanoon Elementary Magnet School,2233 S Kedzie Ave,478,731
Grover Cleveland Elementary School,3121 W Byron St,479,612
Hannah G Solomon Elementary School,6206 N Hamlin Ave,480,855
Hanson Park Elementary School,5411 W Fullerton Ave,481,696
Harold Washington Elementary School,9130 S University Ave,482,889
Harriet Beecher Stowe Elementary School,3444 W Wabansia Ave,483,863
Harriet E Sayre Elementary Language Academy,1850 N Newland Ave,484,842
Helen M Hefferan Elementary School,4409 W Wilcox St,485,705
Helen Peirce International Studies ES,1423 W Bryn Mawr Ave,486,809
Helge A Haugan Elementary School,4540 N Hamlin Ave,487,699
Henry Clay Elementary School,13231 S Burley Ave,488,611
Henry D Lloyd Elementary School,2103 N Lamon Ave,489,748
Henry H Nash Elementary School,4837 W Erie St,490,783
Henry O Tanner Elementary School,7350 S Evans Ave,491,869
Hiram H Belding Elementary School,4207 W Irving Park Road,492,564
Horace Greeley Elementary School,832 W Sheridan Rd,493,682
Horace Mann Elementary School,8050 S Chappel Ave,494,757
Ida B Wells Preparatory Elementary Academy,249 E 37th St,495,892
Ira F Aldridge Elementary School,630 E 131st St,496,546
Irma C Ruiz Elementary School,2410 S Leavitt St,497,837
Irvin C Mollison Elementary School,4415 S Dr Martin L King Jr Dr,498,774
Isabelle C O'Keeffe Elementary School,6940 S Merrill Ave,499,797
Jackie Robinson Elementary School,4225 S Lake Park Ave,500,833
Jacob Beidler Elementary School,3151 W Walnut St,501,563
James B Farnsworth Elementary School,5414 N Linder Ave,502,662
James B McPherson Elementary School,4728 N Wolcott Ave,503,769
James G Blaine Elementary School,1420 W Grace St,504,567
James Hedges Elementary School,4747 S Winchester Ave,505,704
James Madison Elementary School,7433 S Dorchester Ave,506,755
James Monroe Elementary School,3651 W Schubert Ave,507,775
James N Thorp Elementary School,8914 S Buffalo Ave,508,874
James Otis Elementary School,525 N Armour St,509,801
James R Doolittle Jr Elementary School,535 E 35th st,510,641
James Russell Lowell Elementary School,3320 W Evergreen Ave,511,753
James Shields Elementary School,4250 S Rockwell St,512,849
James Wadsworth Elementary School,6650 S Ellis Ave,513,883
James Ward Elementary School,2701 S Shields Ave,514,885
James Weldon Johnson Elementary School of Excellence,1420 S Albany Ave,515,727
Jane A Neil Elementary School,8555 S Michigan Ave,516,784
Jane Addams Elementary School,10810 S Avenue H,517,543
Jean Baptiste Beaubien Elementary School,5025 N Laramie Ave,518,561
Jensen Elementary Scholastic Academy,3030 W Harrison St,519,726
Jesse Owens Elementary Community Academy,12450 S State St,520,678
Jesse Sherwood Elementary School,245 W 57th St,521,848
Johann W von Goethe Elementary School,2236 N Rockwell St,522,677
John A Walsh Elementary School,2015 S Peoria St,523,884
John B Drake Elementary School,2710 S Dearborn St,524,643
John B Murphy Elementary School,3539 W Grace St,525,782
John Barry Elementary School,4634 W Diversey Ave,526,555
John C Burroughs Elementary School,3542 S Washtenaw Ave,527,589
John C Dore Elementary School,6108 S Natoma Ave,528,642
John Charles Haines Elementary School,247 W 23rd Pl,529,690
John D Shoop Math Science Technical Academy ES,11140 S Bishop St,530,850
John Fiske Elementary School,6020 S Langley Ave,531,666
John Foster Dulles Elementary School of Excellence,6311 S Calumet Ave,532,645
John Greenleaf Whittier Elementary School,1900 W 23rd St,533,900
John H Hamline Elementary School,4652 S Bishop St,534,694
John H Kinzie Elementary School,5625 S Mobile Ave,535,735
John Harvard Elementary School,7525 S Harvard Ave,536,698
John Hay Elementary Community Academy,1018 N Laramie Ave,537,700
John J Audubon Elementary School,3500 N Hoyne Ave,538,551
John J Pershing Elementary Humanities Magnet,3200 S Calumet Ave,539,812
John L Marsh Elementary School,9822 S Exchange Ave,540,759
John M Smyth Elementary School,1059 W 13th St,541,854
John Milton Gregory Elementary School,3715 W Polk St,542,685
John Palmer Elementary School,5051 N Kenneth Ave,543,803
John Spry Elementary Community School,2400 S Marshall Blvd,544,859
John T McCutcheon Elementary School,4865 N Sheridan Rd,545,765
John T Pirie Fine Arts & Academic Center ES,650 E 85th St,546,817
John W Cook Elementary School,8150 S Bishop St,547,617
John Whistler Elementary School,11533 S Ada St,548,897
Johnnie Colemon Elementary Academy,1441 W 119th St,549,614
Jonathan Burr Elementary School,1621 W Wabansia Ave,550,588
Jonathan Y Scammon Elementary School,4201 W Henderson St,551,843
Jordan Elementary Community School,7414 N Wolcott Ave,552,729
Jose De Diego Elementary Community Academy,1313 N Claremont Ave,553,629
Josefa Ortiz De Dominguez Elementary School,3000 S Lawndale Ave,554,630
Joseph Brennemann Elementary School,4251 N Clarendon Ave,555,573
Joseph E Gary Elementary School,3740 W 31st St,556,675
Joseph Jungman Elementary School,1746 S Miller St,557,730
Joseph Kellman Corporate Community ES,3030 W Arthington St,558,732
Joseph Lovett Elementary School,6333 W Bloomingdale Ave,559,752
Joseph Warren Elementary School,9239 S Jeffery Ave,560,887
Josephine C Locke Elementary School,2828 N Oak Park Ave,561,749
Joshua D Kershaw Elementary School,6450 S Lowe Ave,562,733
Josiah Pickard Elementary School,2301 W 21st Pl,563,815
Joyce Kilmer Elementary School,6700 N Greenview Ave,564,734
Julia Ward Howe Elementary School,720 N Lorel Ave,565,717
Langston Hughes Elementary School,240 W 104th St,566,719
LaSalle II Magnet Elementary School,1148 N Honore St,567,739
Laughlin Falconer Elementary School,4632 W Diversey Ave,568,660
Laura S Ward Elementary School,646 N Lawndale Ave,569,886
Lawndale Elementary Community Academy,3444 W Douglas Blvd,570,741
Lazaro Cardenas Elementary School,2345 S Millard Ave,571,595
Leif Ericson Elementary Scholastic Academy,3600 W 5th Ave,572,655
Lenart Elementary Regional Gifted Center,8101 S LaSalle St,573,744
Leslie Lewis Elementary School,1431 N Leamington Ave,574,745
Little Village Elementary School,2620 S Lawndale Ave,575,747
Logandale Middle School,2945 N Sawyer Ave,576,750
Lorenz Brentano Math & Science Academy ES,2723 N Fairfield Ave,577,574
Louis A Agassiz Elementary School,2851 N Seminary Ave,578,544
Louis Nettelhorst Elementary School,3252 N Broadway St,579,785
Louis Pasteur Elementary School,5825 S Kostner Ave,580,807
Ludwig Van Beethoven Elementary School,25 W 47th St,581,562
Luke O'Toole Elementary School,6550 S Seeley Ave,582,802
Luther Burbank Elementary School,2035 N Mobile Ave,583,583
Lyman A Budlong Elementary School,2701 W Foster Ave,584,582
Mahalia Jackson Elementary School,917 W 88th St,585,722
Mancel Talcott Elementary School,1840 W Ohio St,586,867
Manuel Perez Elementary School,2001 S Throop St,587,811
Marcus Moziah Garvey Elementary School,10309 S Morgan St,588,674
Maria Saucedo Elementary Scholastic Academy,2850 W 24th Blvd,589,841
Mariano Azuela Elementary School,4707 W Marquette Rd,590,553
Mark Twain Elementary School,5134 S Lotus Ave,591,878
Marquette Elementary School,6550 S Richmond St,592,758
Martha Ruggles Elementary School,7831 S Prairie Ave,593,836
Marvin Camras Elementary School,3000 N Mango Ave,594,593
Mary E Courtenay Elementary Language Arts Center,4425 N Magnolia Ave,595,620
Mary E McDowell Elementary School,1419 E 89th St,596,766
Mary Gage Peterson Elementary School,5510 N Christiana Ave,597,813
Mary Mapes Dodge Elementary Renaissance Academy,431 N Troy St,598,640
Matthew Gallistel Elementary Language Academy,10347 S Ewing Ave,599,673
Medgar Evers Elementary School,9811 S Lowe Ave,600,658
Melville W Fuller Elementary School,4214 S Saint Lawrence Ave,601,669
Metropolitan Family Services - Southeast Family Service Center,3062 E 91st St,602,529
Mildred I Lavizzo Elementary School,138 W 109th St,603,740
Milton Brunson Math & Science Specialty ES,932 N Central Ave,604,581
Minnie Mars Jamieson Elementary School,5650 N Mozart St,605,724
Morton School of Excellence,431 N Troy St,606,778
Mount Vernon Elementary School,10540 S Morgan St,607,781
Myra Bradwell Communications Arts & Sciences ES,7736 S Burnham Ave,608,572
Nathan Hale Elementary School,6140 S Melvina Ave,609,691
Nathan S Davis Elementary School,3014 W 39th Pl,610,627
Nathanael Greene Elementary School,3525 S Honore St,611,684
National Teachers Elementary Academy,55 W Cermak Rd,612,794
New Field Elementary School,1707 W Morse Ave,613,786
Newton Bateman Elementary School,4220 N Richmond St,614,558
Nicholson Technology Academy,6006 S Peoria St,615,788
Ninos Heroes Elementary School,8344 S Commercial Ave,616,709
Norman A Bridge Elementary School,3800 N New England Ave,617,575
North River Elementary School,4416 N Troy St,618,792
Norwood Park Elementary School,5900 N Nina Ave,619,793
Oliver S Westcott Elementary School,409 W 80th St,620,896
Oliver Wendell Holmes Elementary School,955 W Garfield Blvd,621,716
Oriole Park Elementary School,5424 N Oketo Ave,622,799
Orozco Fine Arts & Sciences Elementary School,1940 W 18th St,623,800
Orville T Bright Elementary School,10740 S Calhoun Ave,624,576
Oscar DePriest Elementary School,139 S Parkside Ave,625,631
Pablo Casals Elementary School,3501 W Potomac Ave,626,601
Park Manor Elementary School,7037 S Rhodes Ave,627,804
Parkside Elementary Community Academy,6938 S East End Ave,628,806
Patrick Henry Elementary School,4250 N Saint Louis Ave,629,708
Paul Cuffe Math-Science Technology Academy ES,8324 S Racine Ave,630,622
Paul Revere Elementary School,1010 E 72nd St,631,832
Perkins Bass Elementary School,1140 W 66th St,632,557
Peter A Reinberg Elementary School,3425 N Major Ave,633,831
Peter Cooper Elementary Dual Language Academy,1624 W 19th St,634,618
Philip Rogers Elementary School,7345 N Washtenaw Ave,635,834
Phillip D Armour Elementary School,911 W 32nd Pl,636,548
Phobe Apperson Hearst Elementary School,4640 S Lamon Ave,637,703
Pilsen Elementary Community Academy,1420 W 17th St,638,816
Portage Park Elementary School,5330 W Berteau Ave,639,819
Rachel Carson Elementary School,5516 S Maplewood Ave,640,598
Ralph H Metcalfe Elementary Community Academy,12339 S Normal Ave,641,771
Ravenswood Elementary School,4332 N Paulina St,642,827
Richard Edwards Elementary School,4950 S Laporte Ave,643,653
Richard Henry Lee Elementary School,6448 S Tripp Ave,644,742
Richard J Daley Elementary Academy,5024 S Wolcott Ave,645,625
Richard J Oglesby Elementary School,7646 S Green St,646,796
Richard Yates Elementary School,1839 N Richmond St,647,903
Robert Fulton Elementary School,5300 S Hermitage Ave,648,670
Robert Healy Elementary School,3040 S Parnell Ave,649,702
Robert L Grimes Elementary School,4918 W 64th St,650,687
Robert Nathaniel Dett Elementary School,2131 W Monroe St,651,633
Rodolfo Lozano Bilingual & International Center Elementary School,1501 N Greenview Ave,652,754
Ronald Brown Elementary Community Academy,12607 S Union Ave,653,578
Ronald E McNair Elementary School,4820 W Walton St,654,768
Roswell B Mason Elementary School,4217 W 18th St,655,760
Rueben Salazar Elementary Bilingual Center,160 W Wendell St,656,839
Rufus M Hitch Elementary School,5625 N McVicker Ave,657,714
Salmon P Chase Elementary School,2021 N Point St,658,605
Scott Joplin Elementary School,7931 S Honore St,659,728
Sharon Christa McAuliffe Elementary School,1841 N Springfield Ave,660,762
Socorro Sandoval Elementary School,5534 S Saint Louis Ave,661,840
South Shore Fine Arts Academy,1415 E 70th St,662,857
Spencer Technology Academy,214 N Lavergne Ave,663,858
Stephen F Gale Elementary Community Academy,1631 W Jonquil Ter,664,672
Stephen K Hayt Elementary School,1518 W Granville Ave,665,701
Talman Elementary School,5450 S Talman Ave,666,868
Tarkington School of Excellence Elementary School,3330 W 71st St,667,870
Telpochcalli Elementary School,2832 W 24th Blvd,668,872
Theodore Herzl Elementary School,1401 S Hamlin Ave,669,710
Theophilus Schmid Elementary School,9755 S Greenwood Ave,670,844
Thomas A Hendricks Elementary Community Academy,4316 S Princeton Ave,671,707
Thomas Chalmers Specialty Elementary School,2745 W Roosevelt Rd,672,603
Thomas J Higgins Elementary Community Academy,11710 S Morgan St,673,712
Velma F Thomas Early Childhood Center,3625 S Hoyne Ave,674,873
Virgil Grissom Elementary School,12810 S Escanaba Ave,675,688
Walt Disney II Magnet School,3815 N Kedvale Ave,676,638
Walt Disney Magnet Elementary School,4140 N Marine Dr,677,637
Walter Q Gresham Elementary School,8524 S Green St,678,686
Washington D Smyser Elementary School,4310 N Melvina Ave,679,853
Washington Irving Elementary School,749 S Oakley Blvd,680,721
Wendell E Green Elementary School,1150 W 96th St,681,683
Wendell Smith Elementary School,744 E 103rd St,682,852
West Park Elementary Academy,1425 N Tripp Ave,683,894
West Ridge Elementary School,6700 N Whipple Ave,684,895
Willa Cather Elementary School,2908 W Washington Blvd,685,602
William C Goudy Technology Academy,5120 N Winthrop Ave,686,679
William C Reavis Math & Science Specialty Elementary School,834 E 50th St,687,829
William E B Dubois Elementary School,330 E 133rd St,688,644
William E Dever Elementary School,3436 N Osceola Ave,689,634
William F Finkl Elementary School,2332 S Western Ave,690,665
William G Hibbard Elementary School,3244 W Ainslie St,691,711
William H Brown Elementary School,54 N Hermitage Ave,692,579
William H Prescott Elementary School,1632 W Wrightwood Ave,693,820
William H Ray Elementary School,5631 S Kimbark Ave,694,828
William H Ryder Math & Science Specialty ES,8716 S Wallace St,695,838
William H Seward Communication Arts Academy ES,4600 S Hermitage Ave,696,846
William J Onahan Elementary School,6634 W Raven St,697,798
William K New Sullivan Elementary School,8331 S Mackinaw Ave,698,864
William P Gray Elementary School,4632 W Diversey Ave,699,681
William P Nixon Elementary School,4150 W Dickens Ave,700,790
William Penn Elementary School,1616 S Avers Ave,701,810
William T Sherman Elementary School,1000 W 52nd St,702,847
William W Carter Elementary School,5740 S Michigan Ave,703,599
Wolfgang A Mozart Elementary School,2200 N Hamlin Ave,704,779
Woodlawn Community Elementary School,6657 S Kimbark Ave,705,901
Kiddy Kare Learning Centers - Little Tykes II,1723 W 35th St,710,341
Henry Booth House - Jelly Bean (74th St),7419 S Cottage Grove Ave,711,522
University of Illinois at Chicago Children's Hospital - Healthy Steps,1919 W Taylor St,713,446
Centers for New Horizons - Dawson,3901 S State St,714,239
Carole Robertson Center for Learning - Roosevelt,2020 W Roosevelt Rd,715,232
Archdiocese of Chicago - Visitation,900 W Garfield Blvd,721,991
Chicago Lighthouse for People who are Blind or Visually Impaired,1850 W Roosevelt Rd,722,993
El Valor - Smart Learning Center,2841 S Archer Ave,725,1013
Kenyatta's Day Care & Learning Center,2334 E 75th St,726,995
New Concept Preschool (Institute for Positive Education),7825 S Ellis Ave,728,998
Ada S. McKinley - Bunnyland Day Care,545 W 119th St,729,999
Ada S. McKinley - Dream Child Development,1836 W 87th St,731,1000
Ada S. McKinley - Heaven's Learning Garden,7801 S Wolcott Ave,732,1001
Ada S. Mckinley - Little Folks Cottage,5926 W Madison Ave,733,1002
Ada S. McKinley - Little Genius 2,1000 W 103rd St,734,1003
Ada S. McKinley - New Knowledge Learning Center,8440 S Kedzie Ave,735,1004
Ada S. McKinley - Precious Little Ones (47th),624 E 47th St,736,1005
Chicago Commons - Learn Together Grow Together Child Development Center,1126 W 99th St,737,1014
Chicago Youth Centers - First Step Learning Daycare,6401 S Ashland Ave,738,1015
Chicago Youth Centers - Graham Crackers,10650 S Michigan Ave,739,1016
Easter Seals - New Generation Creative Learning Center,1910 W 64th St,740,1017
Easter Seals - Sweet Pea Academy,1414 W 87th St,741,1018
Frazier Preparatory Academy,3711 W Douglas Blvd,744,994
Chicago Child Care Society - Englewood,7000 S Parnell Ave,745,992
Lutheran Social Services - Austin Town Hall,5610 W Lake St,746,997
University of Chicago - Donoghue,707 E 37th St.,747,443
Easter Seals Metropolitan Chicago - Gilchrist Marchman,1312 S Racine Ave,748,936
Alain Locke Charter School,3141 W Jackson Blvd,800,207
Archdiocese of Chicago - St. Philip Neri,2110 E 72nd St,801,414
Lionel Hampton Fine & Performing Arts School,3434 W 77th St,802,
Shining Star,3012 E 92nd St,803,539
Wilma Rudolph Elementary Learning Center,110 N Paulina St,805,835